{"cameraMode":{"drawMode":0,"name":"Shaded","section":"Shading Mode"},"sceneLighting":false,"audioPlay":false,"sceneViewState":{"m_AlwaysRefresh":false,"showFog":false,"showSkybox":false,"showFlares":false,"showImageEffects":false,"showParticleSystems":false,"showVisualEffectGraphs":true,"m_FxEnabled":true},"in2DMode":false,"pivot":{"x":-5.960464477539063e-8,"y":0.9938255548477173,"z":-0.0023028552532196047},"rotation":{"x":-0.026476213708519937,"y":0.8210455775260925,"z":-0.038206130266189578,"w":-0.5689696073532105},"size":1.5878850221633912,"orthographic":false}